nome,L_estimado,L,B,erro_L,B_estimado,B_erro,linha,batch,S_OVO,P_OVO,W,D/4,VOL_OVO,aspect_ratio,bounding_box_area,pca_ratio_1_0,pca_ratio_2_0,sphericity_pca,area_proj_2d,shape_compactness
ovo828.ply,61.23362258910943,60.28,45.63,0.953622589109429,45.29218780125608,-0.3378121987439257,1,4,66.18,65.8,0.96,40.72,65.71,1.3519687513839032,27.734047340571806,0.5828416355063296,0.08324516592736396,0.08324516592736396,15.536391902886129,0.560192016408587
ovo819.ply,55.13271903732003,57.11,43.26,-1.97728096267997,41.77863547316023,-1.4813645268397693,1,4,60.41,57.4,-0.95,39.48,56.41,1.3196390550557555,23.033697713043548,0.5828865867135343,0.09998580393835356,0.09998580393835356,14.675987348537973,0.6371529022987585
ovo880.ply,60.70424260862684,59.21,44.24,1.4942426086268412,44.06817279330258,-0.1718272066974222,2,4,63.35,62.3,1.73,37.79,60.96,1.3775075924603026,26.751250525635285,0.5359040225012877,0.09889090533887361,0.09889090533887361,15.386671071133016,0.575175768190284
ovo503.ply,57.317407975415136,58.2,44.82,-0.8825920245848664,44.72273887916936,-0.0972611208306446,1,2,63.46,63.4,-0.62,38.32,61.38,1.2816166767038508,25.633914701153106,0.6579308111829154,0.10275785798787287,0.10275785798787287,14.606516441820439,0.5698121653328035
ovo69.ply,59.635942069861215,59.88,42.05,-0.244057930138787,43.70224145768522,1.6522414576852211,3,0,60.58,61.5,0.91,37.04,56.12,1.364596873769137,26.06224339893603,0.5091828527698398,0.07552337647734168,0.07552337647734168,15.245656934991777,0.5849710134935724
ovo835.ply,56.9618754544618,57.47,42.35,-0.5081245455382017,40.70840556855513,-1.6415944314448725,2,4,59.36,54.7,-1.52,36.89,54.57,1.3992656960866463,23.188271279457563,0.5102050080694547,0.07917188376895043,0.07917188376895043,14.749796205456075,0.636088651357244
ovo656.ply,60.01631575038119,61.67,46.0,-1.6536842496188129,46.8069055777717,0.8069055777717011,2,3,67.73,62.9,1.5,38.14,68.24,1.282210712491162,28.09178024453825,0.5637374464322742,0.11917111969782591,0.11917111969782591,16.01471407092879,0.5700854104482201
ovo368.ply,57.04058494886285,56.91,44.71,0.1305849488628538,44.20616144316922,-0.5038385568307788,3,1,62.35,62.7,1.55,38.57,59.75,1.2903311006135054,25.2154530706224,0.5719152069607423,0.08549477039572052,0.08549477039572052,14.86104017223833,0.5893624092581697
ovo499.ply,59.47327935926743,58.59,44.74,0.8832793592674264,44.58386651742685,-0.1561334825731535,3,2,63.63,63.1,1.91,36.33,61.59,1.3339641445414034,26.515487483072164,0.5598725421109634,0.11012656933819329,0.11012656933819329,14.985536614045127,0.5651616483993398
ovo454.ply,59.71063425155975,60.7,46.71,-0.9893657484402496,46.39819575768856,-0.311804242311446,3,2,68.1,70.5,0.84,41.71,69.08,1.2869171586626882,27.704656968196133,0.5844556769976303,0.10918989866770874,0.10918989866770874,15.64639263617717,0.5647567719080088
ovo554.ply,59.52446875884058,59.47,44.47,0.0544687588405849,44.88220025026212,0.4122002502621242,1,2,63.87,63.9,-0.63,37.33,61.82,1.3262377607811895,26.715891266247546,0.5862049472401013,0.1163616248776249,0.1163616248776249,15.202652086064706,0.5690490328230788
ovo501.ply,62.66385194667899,63.34,45.19,-0.6761480533210147,46.28130136024142,1.091301360241424,2,2,67.65,69.7,1.69,37.91,67.83,1.3539777427371829,29.001646163378012,0.5350304164803519,0.10269053635113361,0.10269053635113361,15.747043731014761,0.5429706866398303
ovo882.ply,62.496241417423136,63.31,48.77,-0.8137585825768667,48.747906516733465,-0.0220934832665378,1,4,73.16,76.2,3.1,42.4,77.99,1.282029237419054,30.46560934263749,0.6554890533225186,0.11229568830569675,0.11229568830569675,16.235167428672536,0.5329014511438298
ovo239.ply,60.12472333770685,60.36,46.83,-0.2352766622931454,47.03712499204241,0.2071249920424094,3,1,68.03,72.5,0.95,40.69,69.02,1.2782397595065293,28.28094126747686,0.5599352328395493,0.10054328125084477,0.10054328125084477,16.06674428537164,0.5681120770845216
ovo304.ply,58.01336822336089,56.46,42.83,1.5533682233608914,46.03925459234888,3.209254592348877,2,1,59.33,57.1,1.02,36.78,54.75,1.26008487185633,26.708922293949946,0.5867863491853342,0.10317226763037343,0.10317226763037343,15.235213154749507,0.5704166191011218
ovo271.ply,63.68284418053997,63.97,45.44,-0.2871558194600254,46.49981595229393,1.0598159522939312,2,1,68.47,69.5,1.36,38.94,69.2,1.3695289513806854,29.61240533713721,0.5057076823173146,0.08765433662767487,0.08765433662767487,16.32798427311987,0.5513900031836585
ovo110.ply,61.35986129375912,61.02,47.06,0.3398612937591139,48.74758716051287,1.6875871605128694,2,0,68.86,73.6,0.0,41.24,70.41,1.258726120981483,29.911451865745025,0.61288202903712,0.11168154142639967,0.11168154142639967,16.079239249735227,0.5375613100261902
ovo417.ply,60.60512106884364,59.52,43.44,1.085121068843634,43.10712471437526,-0.3328752856247376,2,2,62.39,61.1,1.08,37.57,59.25,1.4059188932318927,26.125125122444544,0.4952764283257873,0.08651638461067153,0.08651638461067153,15.2274747741493,0.5828670562449141
ovo68.ply,60.40952010901655,60.04,46.25,0.3695201090165483,47.20164783066765,0.9516478306676532,2,0,66.93,71.3,0.57,41.3,67.1,1.27981803359347,28.51428893805435,0.6141142851919051,0.11209491766460866,0.11209491766460866,15.91659669194597,0.5581972156669892
ovo265.ply,58.61798668731284,58.85,44.2,-0.2320133126871653,45.54024957617637,1.3402495761763689,2,1,63.03,60.7,1.14,36.71,60.49,1.2871687624210535,26.69477743393211,0.5729727447958539,0.08926252265366573,0.08926252265366573,15.490339981311326,0.5802760491129376
ovo320.ply,59.954348523832046,59.41,43.84,0.5443485238320491,43.873535729416616,0.0335357294166129,3,1,62.9,62.6,0.59,38.94,60.15,1.3665264840652782,26.30409252094242,0.5088390901680123,0.06617289615836382,0.06617289615836382,15.303450211987451,0.5817897043892835
ovo188.ply,60.03496280886576,59.95,43.76,0.084962808865761,44.74453940071306,0.9845394007130608,2,0,63.16,64.1,-1.06,34.36,60.49,1.3417271383937641,26.862367588216372,0.532479975629474,0.08785450402147155,0.08785450402147155,15.619806693816898,0.5814754281252852
ovo954.ply,57.97873582538432,59.94,46.23,-1.9612641746156785,45.687635929912936,-0.5423640700870607,1,4,66.82,66.2,-1.58,40.88,66.93,1.2690246419036986,26.48911374066759,0.6307802321250048,0.07991699837250486,0.07991699837250486,15.386511419527546,0.5808616917184851
ovo91.ply,57.40990014965569,59.16,44.2,-1.7500998503443057,43.02605899696353,-1.1739410030364752,1,0,63.25,64.0,1.07,38.09,60.81,1.3343053369983822,24.70121750848871,0.6134283968028033,0.08839029439806596,0.08839029439806596,14.30989225893374,0.5793193090185156
ovo605.ply,58.60956984645031,58.81,45.91,-0.2004301535496893,47.571204248328826,1.6612042483288292,2,3,65.51,66.6,1.52,39.09,64.84,1.2320388094549712,27.88127818072182,0.613242717033459,0.10499490985829786,0.10499490985829786,15.976950388642491,0.5730350769818567
ovo788.ply,61.10899429186416,60.59,46.62,0.5189942918641606,45.77128448841837,-0.8487155115816236,2,3,67.88,69.3,0.0,41.43,68.71,1.3350945898694788,27.970371625340487,0.5743682802244093,0.0718867817543783,0.0718867817543783,15.57940390611996,0.5569966718642163
ovo202.ply,62.43114199773521,62.71,42.34,-0.2788580022647906,41.04321034384377,-1.2967896561562355,2,1,62.87,61.9,2.88,38.11,59.52,1.5211076685939482,25.62374493019425,0.4097416119891516,0.06639636344139312,0.06639636344139312,15.293351665255969,0.5968429558957538
ovo547.ply,56.24310381251173,56.65,45.4,-0.4068961874882646,44.90389300984282,-0.4961069901571804,3,2,63.14,62.3,-1.87,37.81,61.18,1.2525217757886467,25.255343161385095,0.6515429994255346,0.11452424793228361,0.11452424793228361,14.674835910884124,0.5810586622050596
ovo318.ply,59.182095430815096,62.32,42.5,-3.1379045691849043,42.6307761488787,0.1307761488787022,1,1,62.86,60.1,3.24,37.66,59.57,1.3882481337926975,25.229786623326554,0.5044477805539976,0.07938335209842806,0.07938335209842806,15.251368980638347,0.6044985321650512
ovo940.ply,56.08251542862924,56.32,46.07,-0.2374845713707571,46.58936443372348,0.5193644337234744,2,4,63.84,62.8,0.49,38.81,62.49,1.2037621914420062,26.128487496643277,0.6857007218671987,0.10473775352047271,0.10473775352047271,15.298210880642413,0.5854992900988919
ovo178.ply,56.51536215040459,58.85,44.28,-2.33463784959541,44.38377452999456,0.1037745299945598,1,0,63.15,62.7,1.25,36.81,60.69,1.273333842127634,25.08365091164546,0.6089358980302285,0.10373853127622347,0.10373853127622347,14.809301828703159,0.5903965846466042
ovo430.ply,60.04722343461218,59.26,44.21,0.78722343461218,45.676133823453206,1.4661338234532053,3,2,63.34,65.8,1.24,40.51,60.94,1.3146301669643476,27.427250133261413,0.5779206954113433,0.0833780811023219,0.0833780811023219,15.178584751954313,0.5534125615293466
ovo367.ply,59.750437986777854,60.48,43.64,-0.729562013222143,42.4325846302198,-1.2074153697802004,2,1,63.35,60.7,1.92,38.18,60.72,1.4081262903845022,25.353655165666513,0.4686196829855607,0.09209396694435527,0.09209396694435527,15.107784340144756,0.5958819050518388
ovo24.ply,60.23616061322324,59.01,43.11,1.226160613223243,43.94217932112649,0.832179321126489,3,0,61.54,61.3,1.26,38.53,57.92,1.3708050338837643,26.469081712824323,0.522146498944882,0.08329601426711764,0.08329601426711764,15.304878855578346,0.5782172204396159
ovo31.ply,68.68332912621143,67.58,47.74,1.1033291262114346,47.17561750588927,-0.5643824941107312,1,0,74.52,83.2,1.55,39.34,80.06,1.4559073682000496,32.40178463889254,0.5033964989463027,0.09034755032630001,0.09034755032630001,16.784182747750663,0.5180017994318823
ovo587.ply,60.06919504264764,60.87,42.9,-0.8008049573523621,43.13004181246984,0.2300418124698424,1,2,62.51,62.8,0.0,38.05,59.2,1.392746042394986,25.90786893830799,0.5204825007406325,0.08071730277857224,0.08071730277857224,15.484765247405925,0.5976857951643326
ovo313.ply,55.656294914464965,56.14,43.04,-0.4837050855350355,43.91970598736189,0.8797059873618878,2,1,59.4,57.2,0.99,39.69,54.93,1.2672283127414454,24.444081089892062,0.6065648596570546,0.09879898251781738,0.09879898251781738,14.948662641729932,0.6115452892975141
ovo975.ply,60.11872545042005,58.67,45.71,1.4487254504200422,44.93446993501829,-0.7755300649817087,1,4,65.11,66.2,0.0,39.37,64.16,1.3379199874252523,27.01403061283519,0.5741404242680536,0.0932194382650294,0.0932194382650294,15.721316967726551,0.5819685774790258
ovo214.ply,59.45903687485083,59.31,42.6,0.1490368748508288,42.554383829363154,-0.0456161706368476,2,1,61.0,60.1,0.68,38.56,56.94,1.397248215677916,25.302426772966598,0.4826508206263879,0.08396372298345181,0.08396372298345181,15.22086231458476,0.6015574099337738
ovo576.ply,54.58465337116187,54.73,41.96,-0.1453466288381264,42.10145950539827,0.1414595053982665,2,2,56.85,53.5,-0.52,37.29,51.09,1.2965026393957435,22.980935735221724,0.6081550586250034,0.09311756680721592,0.09311756680721592,14.340057993198768,0.6239980024495035
ovo944.ply,56.38969257727451,56.52,42.58,-0.1303074227254939,42.34509059852535,-0.2349094014746455,3,4,59.02,55.5,2.73,37.84,54.21,1.3316701364960182,23.87826641007682,0.5591376012712753,0.09525229243202864,0.09525229243202864,14.686282764476422,0.6150481158162593
ovo563.ply,54.591278748554295,56.67,44.13,-2.0787212514457067,43.93396788371345,-0.1960321162865526,1,2,61.34,59.2,0.81,37.26,58.08,1.242575651100969,23.984114872698328,0.6634964693587245,0.10591064740042679,0.10591064740042679,14.408931422391632,0.6007697802846022
ovo338.ply,60.86829130714308,59.73,46.29,1.138291307143085,45.391720228837,-0.8982797711629971,3,1,66.76,70.2,0.72,39.68,66.86,1.3409558174989353,27.6291644982119,0.5276066623703386,0.09043782700086088,0.09043782700086088,15.491029446729787,0.5606767243262942
ovo484.ply,59.63033788903741,59.66,45.73,-0.0296621109625832,44.86857989227119,-0.8614201077288044,3,2,65.87,67.5,-0.87,39.88,65.3,1.3289998932930123,26.75528579577401,0.5703975022052702,0.08602592765990415,0.08602592765990415,15.365525860368006,0.5742987003635366
ovo745.ply,62.04742975285151,59.88,45.4,2.167429752851504,45.66106198441165,0.2610619844116542,1,3,65.54,67.1,-1.68,40.78,64.67,1.3588696157359204,28.331515359183804,0.574335935590609,0.06851104654879296,0.06851104654879296,15.321665590137783,0.5407993676261721
ovo950.ply,63.01490045168276,62.05,45.14,0.9649004516827588,45.30474680085209,0.164746800852086,3,4,66.69,68.9,-1.07,39.36,66.31,1.3909116571974216,28.548741096443873,0.4955046596120839,0.08919113695575911,0.08919113695575911,15.768232870141746,0.5523267319169423
ovo876.ply,56.66503313643629,58.4,41.71,-1.734966863563706,38.59294201585841,-3.1170579841415886,1,4,59.08,55.1,0.0,36.96,53.91,1.4682745128151098,21.868703381611812,0.5003446297431,0.08777599889368036,0.08777599889368036,14.021237503520153,0.6411554109472187
ovo61.ply,51.381428437417306,56.67,42.98,-5.288571562582696,41.91924479707364,-1.0607552029263587,1,0,59.7,58.3,0.0,37.24,55.31,1.2257240960840072,21.53870676691417,0.6715495184070805,0.09865848173517501,0.09865848173517501,13.56259860893329,0.6296849089271663
ovo992.ply,56.97277601025823,55.93,43.72,1.0427760102582295,44.62508332318161,0.9050833231816142,3,4,60.21,56.5,0.62,37.24,56.34,1.2766984791412659,25.42414876610736,0.5843570002065714,0.09653059968041934,0.09653059968041934,15.047920296554759,0.591875088326063
ovo252.ply,55.56079868206914,60.79,46.59,-5.229201317930858,47.38851333175366,0.7985133317536537,1,1,67.99,72.6,0.75,40.86,68.86,1.1724528746682474,26.329436490681147,0.6772380718811517,0.1014649925186488,0.1014649925186488,15.480317575404298,0.5879471663164266
ovo426.ply,55.88781425021663,56.74,44.2,-0.8521857497833736,45.13113765584593,0.93113765584593,2,2,61.49,55.0,0.0,36.99,58.32,1.2383426865149578,25.222806382108747,0.6136258076746901,0.10346640566719457,0.10346640566719457,15.18197254414744,0.601914486205486
ovo281.ply,60.407521671848,59.6,43.77,0.8075216718479936,45.32377955751458,1.5537795575145736,3,1,62.93,63.0,1.51,38.71,60.16,1.3327997413629769,27.378971958706234,0.523699358453368,0.0959276340259614,0.0959276340259614,15.510751360794545,0.5665205904804721
ovo641.ply,58.66925430245288,60.69,45.62,-2.0207456975471203,46.64129458922668,1.0212945892266774,2,3,66.46,67.8,1.83,39.74,66.13,1.2578822011515187,27.364099732509594,0.5895269778961646,0.1156065556458463,0.1156065556458463,15.608476318157404,0.5703997745489117
ovo473.ply,59.32297419944847,60.48,42.93,-1.15702580055153,42.56913335913846,-0.3608666408615377,1,2,62.29,61.5,0.79,38.19,58.9,1.3935678158858595,25.25327599957052,0.521769048233325,0.08259700411859287,0.08259700411859287,15.192030587350722,0.6015865263425264
ovo72.ply,55.98948095902367,56.81,42.74,-0.820519040976329,43.52521103289919,0.7852110328991841,3,0,59.45,57.1,-0.91,35.98,54.87,1.2863689716909856,24.369539743639965,0.5738844914314248,0.07973090385044719,0.07973090385044719,14.578573148154083,0.5982293183012963
ovo123.ply,59.6343493664662,59.07,46.01,0.5643493664662032,46.75274643312687,0.742746433126868,3,0,65.85,69.0,0.0,41.61,65.38,1.2755261223373182,27.880696146348946,0.5774285856021784,0.07779444444360394,0.07779444444360394,15.21189012864052,0.5456065389756259
ovo40.ply,62.71900468266053,62.68,44.21,0.0390046826605328,45.121960988116335,0.9119609881163342,1,0,65.7,68.7,1.21,38.14,64.45,1.3899884515032201,28.300044825044942,0.5385370241525174,0.09818631513072397,0.09818631513072397,15.783660054121151,0.5577256202842812
ovo666.ply,57.31858809648062,59.2,46.51,-1.8814119035193853,45.98934405084637,-0.5206559491536282,3,3,66.69,67.5,0.0,39.3,66.85,1.246344980113404,26.360442684777944,0.6359559894809144,0.1009744023376329,0.1009744023376329,14.958192093317264,0.5674484405360535
ovo414.ply,62.3421073506652,61.34,43.54,1.0021073506651987,44.40672519394652,0.8667251939465217,2,2,63.78,62.6,-0.87,39.03,61.32,1.4038888722009073,27.68408829132503,0.49963506158993065,0.0952325712208772,0.0952325712208772,15.115020400350195,0.545982235040284
ovo286.ply,55.79560054707375,56.94,44.15,-1.1443994529262511,44.86894481911452,0.7189448191145189,2,1,61.57,60.3,1.28,35.87,58.41,1.2435237951774696,25.03489722096008,0.6119275984177136,0.1073849849281427,0.1073849849281427,15.04380187421493,0.6009132668465578
ovo845.ply,59.998461780937085,58.46,45.65,1.5384617809370835,45.57862471605157,-0.0713752839484271,3,4,64.87,64.1,-0.94,41.3,63.78,1.3163727987564142,27.346473730536946,0.5625693473468946,0.1015040554592049,0.1015040554592049,15.430817452799605,0.5642708308518951
ovo78.ply,66.95233722096901,65.5,47.79,1.4523372209690135,47.16124676825254,-0.62875323174746,3,0,73.19,80.8,-2.48,43.18,77.74,1.419647312336094,31.57555697389379,0.4933246242645713,0.0772329786627033,0.0772329786627033,16.625593420269706,0.5265336549412415
ovo948.ply,54.28715909043368,54.73,42.19,-0.4428409095663141,42.291220522962654,0.1012205229626559,1,4,57.17,52.9,0.7,36.49,51.61,1.2836508007839984,22.95870216658688,0.6653893151205367,0.0926325903670082,0.0926325903670082,13.955886225336403,0.6078691262281893
ovo99.ply,56.13338382292443,55.85,43.05,0.2833838229244279,44.21480401567544,1.1648040156754431,3,0,59.2,58.5,0.0,35.99,54.67,1.2695608421790925,24.8192656446729,0.6077042996440621,0.08982396684521875,0.08982396684521875,14.531360892991115,0.5854871413614957
ovo350.ply,58.785941406633725,57.74,44.82,1.0459414066337231,46.13021105805872,1.3102110580587194,3,1,63.12,65.3,-1.1,39.51,60.9,1.2743479827709159,27.118078843346872,0.5601063184035039,0.08789875587789196,0.08789875587789196,15.371749097270554,0.5668450625159919
ovo266.ply,60.13000126122875,60.46,43.89,-0.3299987387712519,43.67075730511714,-0.2192426948828583,3,1,63.71,63.9,0.7,38.41,61.34,1.3768939439523524,26.259226918355083,0.4921013818827826,0.07661870000274286,0.07661870000274286,15.240362295775906,0.5803812253559893
ovo241.ply,57.83373690456294,59.44,46.65,-1.6062630954370576,46.92350103373477,0.2735010337347745,2,1,67.07,69.6,1.04,40.6,67.49,1.2325111219425946,27.137614134260037,0.6117183429632715,0.12104609783405143,0.12104609783405143,15.861553985694249,0.5844859429138148
ovo642.ply,56.38570781465551,56.94,43.83,-0.5542921853444867,43.99747187664739,0.1674718766473901,3,3,61.11,58.3,1.02,37.93,57.63,1.2815669948659811,24.808285938201628,0.5649861865609382,0.08527734760319701,0.08527734760319701,14.924322140821733,0.6015861868892829
ovo684.ply,58.37281446507399,60.26,46.39,-1.887185534926012,46.252247753574,-0.1377522464260039,3,3,67.3,70.1,0.0,41.2,67.72,1.2620535714518526,26.998738767120102,0.5969282168583375,0.09473073751729541,0.09473073751729541,15.883953580018693,0.5883220589312365
ovo142.ply,54.70165380008372,57.02,43.65,-2.3183461999162844,44.16664166917346,0.5166416691734597,1,0,60.91,61.3,0.0,36.54,57.27,1.238528711551625,24.159883420994785,0.6260885520785283,0.11638417056211718,0.11638417056211718,14.756801238090942,0.6107977005082473
ovo937.ply,55.12107688571723,56.03,45.05,-0.9089231142827714,43.93429087795163,-1.115709122048365,2,4,62.17,61.7,0.73,40.42,59.65,1.2546253913336671,24.217054254030373,0.6197173231456798,0.10531889622036317,0.10531889622036317,14.764785427959955,0.6096854420476304
ovo843.ply,55.98014995377172,57.2,43.52,-1.219850046228288,43.79088729886277,0.2708872988627675,1,4,60.85,58.6,0.58,38.33,57.13,1.2783515796727303,24.514204375990552,0.6269059559186981,0.0944563531281316,0.0944563531281316,14.73066760844841,0.6009033531137469
ovo213.ply,57.77540227068712,57.96,44.38,-0.1845977293128839,44.188458657733975,-0.1915413422660279,1,1,62.65,62.5,2.25,39.24,60.03,1.3074772016419975,25.530059746722074,0.582206008099924,0.08990400524169452,0.08990400524169452,15.15503684268923,0.5936154083867766
ovo225.ply,53.83484257710095,56.68,41.16,-2.845157422899049,40.94003771953056,-0.2199622804694385,1,1,57.11,53.0,-0.89,36.54,51.05,1.3149680746732406,22.040004857315026,0.5839395820419008,0.08483115982156408,0.08483115982156408,14.240208568303961,0.6461073244082189
ovo162.ply,60.56647675866442,60.5,46.58,0.0664767586644217,47.03180690755965,0.45180690755965,3,0,67.76,72.1,-1.89,39.37,68.5,1.287776948006845,28.485508399847046,0.5727939470228713,0.10387258034967521,0.10387258034967521,15.570588941253025,0.5466143950352185
ovo710.ply,62.15145705834109,61.57,45.28,0.581457058341087,42.57233222135008,-2.7076677786499275,2,3,66.57,66.6,0.58,39.76,66.17,1.4599025661829268,26.459324779286703,0.5204688393911537,0.06928100062889672,0.06928100062889672,15.197285324041196,0.5743640644956356
ovo65.ply,63.26754346071756,62.3,44.63,0.9675434607175576,45.58804855075961,0.9580485507596066,2,0,66.09,69.8,0.46,37.48,65.19,1.3878098640320802,28.842438429744856,0.5041903842083679,0.0822041952793408,0.0822041952793408,16.091258780605244,0.5579021628077924
ovo830.ply,60.84390264085396,59.76,44.92,1.0839026408539638,44.65044138530872,-0.2695586146912845,3,4,64.75,63.3,1.71,38.47,63.29,1.3626719188687206,27.167071085188798,0.525352299795011,0.08345016657504827,0.08345016657504827,15.37861091318816,0.5660754103732741
ovo727.ply,53.35691158742186,58.17,44.78,-4.813088412578139,43.509573111072456,-1.2704268889275454,1,3,63.38,63.1,1.78,38.18,61.25,1.2263257892972392,23.215364456939607,0.7154158695530806,0.09599018250686099,0.09599018250686099,13.975683346303072,0.6020014621017685
ovo868.ply,57.96509222844711,57.5,45.94,0.465092228447105,45.81609191191811,-0.1239080880818903,2,4,64.56,63.8,0.0,39.95,63.47,1.2651688480956773,26.55733993221343,0.619317408268703,0.09757770743470173,0.09757770743470173,15.226195778524845,0.5733328645635862
ovo632.ply,60.27013825910214,60.84,45.99,-0.5698617408978635,45.53067271066608,-0.4593272893339275,2,3,67.12,68.7,0.0,39.91,67.29,1.3237260657689156,27.441399393017736,0.5300392312058612,0.09401565435935653,0.09401565435935653,15.723714418605889,0.572992440852221
ovo235.ply,52.57436801280274,54.83,42.53,-2.2556319871972548,43.163030009252296,0.6330300092522947,2,1,57.72,55.2,1.3,37.13,52.48,1.218041643543863,22.692690242540788,0.588959358438292,0.10239560638970148,0.10239560638970148,14.464111854813137,0.6373907941376659
ovo363.ply,54.51463836301966,59.08,43.14,-4.565361636980342,42.56649122765256,-0.5735087723474379,1,1,61.64,60.7,0.49,36.99,58.06,1.2806937285825708,23.20496875658128,0.6214856620831593,0.0828713814297435,0.0828713814297435,14.324978657981296,0.6173237640718011
ovo870.ply,62.61733559307565,60.53,45.55,2.0873355930756503,45.65116242312367,0.1011624231236751,1,4,66.24,67.4,-1.28,40.49,65.77,1.3716482181263825,28.585541576627396,0.5590530535531696,0.0908127379748527,0.0908127379748527,15.795886781969568,0.5525830860900978
ovo925.ply,58.69476076137184,59.73,43.91,-1.035239238628158,44.87786281650604,0.9678628165060416,2,4,63.23,62.3,0.0,38.6,60.65,1.307877806065755,26.340954214964867,0.5354714846216904,0.09262657661573159,0.09262657661573159,15.531749940988313,0.5896426459814575
ovo219.ply,57.8156005002998,59.21,43.05,-1.3943994997001994,43.65319829675659,0.6031982967565952,1,1,61.6,61.4,0.63,36.12,57.96,1.3244298872963787,25.23835873285647,0.5387143597609566,0.07886906941411251,0.07886906941411251,15.158484833991889,0.6006129397890628
ovo723.ply,57.29206391797136,57.68,45.34,-0.3879360820286379,41.5780148562776,-3.7619851437224057,3,3,63.83,63.1,-1.45,42.21,62.14,1.3779413018156927,23.82090284728219,0.5805905885221198,0.0897893878280688,0.0897893878280688,14.435466383306055,0.6059999688447177
ovo685.ply,55.24238315793373,59.3,44.35,-4.057616842066267,44.38873503533274,0.038735035332742,1,3,63.57,64.2,0.0,39.17,61.34,1.2445135711563227,24.521395087178483,0.6174794296553294,0.09837839843359572,0.09837839843359572,15.134656706781529,0.6172021066898838
ovo986.ply,58.42387580208884,58.88,46.16,-0.4561241979111656,45.79744001896953,-0.3625599810304649,3,4,65.93,66.7,0.0,39.47,65.57,1.2757017811015063,26.75663947721889,0.6105139529403051,0.0989873122600276,0.0989873122600276,15.567638363970804,0.581823377977843
ovo956.ply,59.93723301492261,59.56,44.66,0.3772330149226093,44.20261608823697,-0.4573839117630243,3,4,64.22,64.5,4.0,37.83,62.4,1.3559657395679092,26.493825003498262,0.5255598125931219,0.0863469492032552,0.0863469492032552,15.248813979153633,0.5755610591200089
ovo89.ply,57.286154066204176,56.86,42.39,0.4261540662041767,42.26967563405992,-0.1203243659400783,2,0,58.99,57.2,0.77,36.48,54.09,1.3552541676010479,24.214671507012337,0.5403013545137556,0.08288069709419635,0.08288069709419635,14.692461957078526,0.6067586732623538
ovo283.ply,55.656294914464965,61.15,46.95,-5.493705085535034,43.91970598736189,-3.030294012638116,2,1,68.79,71.0,0.76,39.04,70.25,1.2672283127414454,24.444081089892062,0.6065648596570546,0.09879898251781738,0.09879898251781738,14.948662641729932,0.6115452892975141
ovo980.ply,58.38714048716113,57.97,45.35,0.4171404871611344,45.32930579742573,-0.0206942025742691,3,4,64.06,63.1,0.0,39.35,62.48,1.2880660636650862,26.46648545779784,0.5964307392747952,0.10074470251002791,0.10074470251002791,15.019298898891664,0.5674836926436909
ovo300.ply,54.05523291851552,60.46,44.93,-6.404767081484479,43.49047983512638,-1.4395201648736204,1,1,65.26,66.5,-0.44,38.76,64.06,1.2429210513068703,23.50888017225759,0.6631337328665944,0.10458999368182807,0.10458999368182807,14.6367524190675,0.6226052586009634
ovo674.ply,55.77016702367444,57.85,42.92,-2.0798329763255623,42.81331887161932,-0.1066811283806856,2,3,60.45,58.8,0.53,37.11,56.31,1.3026359201655848,23.877059443080427,0.53352751205172,0.09219671138725957,0.09219671138725957,14.632867224198751,0.6128420988807882
ovo886.ply,58.51753474960408,58.03,44.82,0.4875347496040803,45.28767077403538,0.4676707740353834,2,4,63.34,61.7,1.19,38.35,61.2,1.292129485783882,26.501228482482443,0.5870464988592882,0.0985476376085167,0.0985476376085167,15.322023313805477,0.5781627566410167
ovo448.ply,60.927985403650695,59.33,44.24,1.5979854036506964,45.29187651476413,1.0518765147641247,3,2,63.43,62.5,0.0,37.82,61.09,1.345229875467614,27.595427911954985,0.5417732353289032,0.07806097646436978,0.07806097646436978,15.00205584957848,0.5436428055199405
ovo172.ply,58.538424674717376,58.89,42.61,-0.3515753252826243,42.34735687657445,-0.2626431234255477,1,0,60.73,58.1,0.4,36.2,56.56,1.3823395128374456,24.789475606927287,0.5536730559146074,0.10318334276314457,0.10318334276314457,14.863166015168813,0.5995756526215255
ovo815.ply,64.6043738519282,64.11,46.48,0.4943738519282021,45.72308284778904,-0.7569171522109528,3,4,70.18,73.3,1.43,41.79,72.3,1.4129487739703488,29.539111379612493,0.5208974473539719,0.08693254479863899,0.08693254479863899,15.529168652003698,0.5257154980877904
ovo519.ply,61.35283334514646,61.84,44.31,-0.4871666548535458,44.59723556425744,0.2872355642574362,2,2,65.29,66.1,1.39,39.08,63.86,1.3757093364396298,27.361667612281252,0.5277339594065562,0.09461204820051392,0.09461204820051392,15.487992177023823,0.5660470844281456
ovo315.ply,57.47691537583021,58.91,43.25,-1.433084624169787,44.11115281682636,0.8611528168263618,1,1,61.68,60.3,0.0,37.17,58.17,1.3030018874026215,25.353729975830433,0.6074929264430214,0.09482423070346574,0.09482423070346574,14.989018284754035,0.5911957845667277
ovo599.ply,60.3696027428788,62.36,46.86,-1.9903972571211952,46.9924765994816,0.132476599481599,1,2,69.53,72.0,0.59,41.19,71.39,1.2846652722181655,28.369171442147323,0.6465474798286076,0.11541210269370507,0.11541210269370507,15.734279801417053,0.5546259901704796
ovo491.ply,55.94798383631584,58.31,43.6,-2.3620161636841672,40.61946155474107,-2.9805384452589294,1,2,61.77,60.0,1.23,38.45,58.44,1.3773689186134876,22.725769785045063,0.5613437881702498,0.07854516584226809,0.07854516584226809,14.43112826685197,0.6350116367168575
ovo636.ply,59.43770268461304,60.19,43.68,-0.7522973153869614,43.56071546688389,-0.1192845331161081,3,3,63.21,61.1,0.77,37.43,60.53,1.3644794867935375,25.8914885464967,0.5054826716344436,0.08620873794819865,0.08620873794819865,15.02219098334567,0.5801980429347806
ovo259.ply,56.97816023433409,56.89,44.61,0.0881602343340901,44.94124685589629,0.3312468558962891,2,1,62.19,62.6,0.0,40.75,59.48,1.2678366583160021,25.60669564486022,0.5953563411614013,0.08591076301585741,0.08591076301585741,15.150335333301692,0.5916552273445196
ovo673.ply,56.60983128850414,58.67,45.86,-2.0601687114958622,46.2887170658139,0.428717065813899,1,3,65.33,65.6,0.0,39.51,64.55,1.222972570356952,26.203964636570273,0.6823112965640258,0.09753951248565193,0.09753951248565193,14.846120790062942,0.5665600986708585
ovo853.ply,58.672261462034015,60.26,47.03,-1.5877385379659827,47.22712416692906,0.1971241669290577,2,4,68.25,68.9,1.03,41.36,69.45,1.2423424567342054,27.709221772220072,0.6034240061085577,0.10298530697894763,0.10298530697894763,15.733782750555186,0.5678175619615964
ovo999.ply,55.45860370074297,57.05,43.72,-1.5913962992570276,43.950366869253486,0.230366869253487,1,4,61.03,57.8,0.57,38.94,57.47,1.2618462063291749,24.374259787041925,0.6228644665284022,0.09940011524412436,0.09940011524412436,15.009276083996612,0.6157838726235283
ovo996.ply,58.8938841208897,57.01,45.86,1.883884120889704,46.66696259024165,0.8069625902416533,1,4,64.07,63.4,-0.92,38.94,62.73,1.2620037999474338,27.483986870635867,0.6456119839236524,0.10757131696047507,0.10757131696047507,15.221973181554402,0.5538488012384292
ovo527.ply,56.60506119199143,59.06,44.35,-2.4549388080085777,44.88037922635502,0.5303792263550164,1,2,63.4,63.2,1.96,38.81,61.09,1.2612429343901657,25.40456612427607,0.6052361105753666,0.10521972425274394,0.10521972425274394,15.024342911880307,0.5914032476832328
ovo57.ply,60.21986263565013,58.1,44.52,2.1198626356501293,45.77760448537765,1.257604485377648,3,0,62.95,64.7,0.0,38.64,60.52,1.3154874160111556,27.567210538985634,0.5686342222959531,0.10069851550196378,0.10069851550196378,15.449266144958926,0.560421814282244
ovo540.ply,54.17123678757498,56.11,44.91,-1.938763212425016,44.44333364177956,-0.4666663582204364,2,2,62.03,61.3,1.19,40.42,59.4,1.2188832913436218,24.07550350338038,0.6677387076209202,0.1082156821965365,0.1082156821965365,14.81109093377104,0.6151934031905689
ovo496.ply,58.23831762008438,57.4,44.15,0.838317620084382,44.244656069591954,0.0946560695919558,3,2,61.91,58.5,1.39,38.19,58.88,1.3162791350097047,25.767343331722905,0.5576406241288246,0.08925592432725561,0.08925592432725561,14.614978886815386,0.5671899775877349
ovo957.ply,58.24150857149417,58.38,42.53,-0.13849142850583,42.34220981034338,-0.1877901896566172,1,4,60.26,54.6,1.04,37.18,55.88,1.375495252429336,24.660741756051184,0.547896033744016,0.10243563941964326,0.10243563941964326,14.981687140741172,0.6075116186261919
ovo507.ply,54.85437758163688,56.62,45.95,-1.7656224183631224,45.86175153481927,-0.0882484651807331,2,2,63.9,64.3,-2.0,39.12,62.52,1.196081173218825,25.157178352461912,0.6865109470319106,0.1035050321803188,0.1035050321803188,14.74866065462597,0.5862605276311781
ovo74.ply,52.98642635689768,54.1,43.14,-1.1135736431023204,43.02303169486983,-0.1169683051301717,2,0,58.02,56.3,0.0,37.43,53.17,1.2315828120317218,22.79636700550695,0.6771453883011249,0.0980295503290919,0.0980295503290919,14.178839074896796,0.621978013929658
ovo248.ply,61.5911184716511,60.22,45.67,1.3711184716511011,45.265966787362366,-0.4040332126376356,3,1,66.19,67.4,-0.71,37.52,65.75,1.3606495750102148,27.879815231342594,0.5178219922956231,0.08992319983620051,0.08992319983620051,15.509169072151806,0.556286651954434
ovo45.ply,60.0708802061379,59.28,42.86,0.7908802061378992,43.474383073277664,0.614383073277665,3,0,61.36,61.5,1.11,37.57,57.56,1.3817534823872308,26.115444576306118,0.5228112611715057,0.09768508161054228,0.09768508161054228,14.957338252437925,0.5727391777204642
ovo712.ply,55.83102499593177,57.52,44.16,-1.688975004068233,42.73073703497687,-1.4292629650231277,1,3,62.01,60.3,0.0,39.15,59.03,1.3065776270189717,23.85700847494381,0.6797886788015477,0.08273627225267663,0.08273627225267663,14.25409420458768,0.59748036806703
ovo524.ply,56.89254531798176,58.67,44.21,-1.777454682018245,43.05841567366702,-1.15158432633298,1,2,62.92,61.0,0.99,38.52,60.33,1.3212874748843857,24.497028650345968,0.5812474729146322,0.09723504289678446,0.09723504289678446,14.674972150928085,0.5990511078053065
ovo623.ply,62.0791276866258,62.2,45.25,-0.1208723133742069,46.16823666018874,0.9182366601887396,2,3,66.96,69.6,0.79,37.95,66.77,1.3446285190302094,28.66083858694215,0.5051378905906551,0.1015743348275184,0.1015743348275184,16.266471466413584,0.5675504370561081
ovo593.ply,54.11306515906683,57.01,43.92,-2.89693484093317,43.0923935641283,-0.8276064358717008,1,2,61.29,59.2,0.85,39.3,57.92,1.2557451717908874,23.318615007958268,0.6552989488925759,0.09366038202407954,0.09366038202407954,14.501227250314022,0.6218734365383616
ovo725.ply,61.33148606821442,61.31,43.94,0.021486068214422,41.07781031276999,-2.862189687230007,2,3,64.37,63.9,0.0,38.82,62.34,1.4930563630639313,25.19363150910407,0.4870238205868097,0.06703459668495755,0.06703459668495755,14.983515148962626,0.5947342344650919
ovo287.ply,58.5189153863366,57.72,43.96,0.7989153863366028,44.69233801460329,0.7323380146032861,3,1,61.86,60.7,0.35,37.77,58.74,1.3093724335302275,26.153471466941244,0.5477860907412204,0.09022620926191123,0.09022620926191123,15.530711288087815,0.5938298213190968
ovo356.ply,58.39157026545793,58.7,44.96,-0.3084297345420737,43.96914940478918,-0.9908505952108227,3,1,64.04,64.4,-0.72,40.64,62.27,1.3280122780609862,25.67427676982165,0.562954244054369,0.08829349326172027,0.08829349326172027,15.267746406551517,0.594670944129484
ovo555.ply,60.32036328611594,61.83,44.67,-1.5096367138840563,46.24241900688717,1.5724190068871664,2,2,65.83,66.4,-1.02,38.63,64.81,1.3044378858539398,27.89359513724227,0.5413235964038497,0.0890923697196049,0.0890923697196049,15.610976887877287,0.5596617005111046
ovo358.ply,52.34041107331375,52.95,42.28,-0.6095889266862571,43.10590659190705,0.8259065919070494,2,1,55.98,51.4,-1.29,36.87,50.13,1.214228285901321,22.5618087070828,0.6473394640709151,0.11170145593674596,0.11170145593674596,14.091767967101617,0.624585029952754
ovo456.ply,54.75574913283557,56.97,41.97,-2.2142508671644308,41.94886853796234,-0.0211314620376583,2,2,58.47,54.3,1.19,36.57,53.2,1.3052974023192885,22.969417220709648,0.5749189601597327,0.10576213889055004,0.10576213889055004,14.436348852382464,0.6285030531539297
ovo927.ply,59.85044311344081,59.18,44.93,0.6704431134408111,45.514821929994845,0.5848219299948454,1,4,64.34,65.7,0.54,40.7,62.7,1.3149659951541766,27.240822607395447,0.602587903361439,0.10070727479570404,0.10070727479570404,15.454835294434698,0.567340991025688
ovo640.ply,58.33323620359342,60.89,46.77,-2.556763796406578,46.97975844448994,0.2097584444899354,1,3,68.33,71.9,1.1,41.4,69.46,1.2416674358281015,27.40481346130194,0.6468714694388865,0.11204374940820198,0.11204374940820198,15.695994621804463,0.5727459026119123
ovo139.ply,61.16448765193759,61.0,45.68,0.1644876519375913,44.86658636965895,-0.8134136303410529,1,0,66.77,69.1,0.7,38.04,66.63,1.3632525360409435,27.442417679915962,0.5695111463007364,0.10413421078266852,0.10413421078266852,15.591576033671927,0.568156064656169
ovo901.ply,62.90846813111621,62.12,44.91,0.7884681311162112,45.43488586369798,0.5248858636979818,2,4,66.39,62.9,1.91,38.51,65.76,1.3845851471892758,28.582390693973466,0.5133025034084493,0.08993998747131096,0.08993998747131096,15.998395066601375,0.5597290736766327
ovo296.ply,55.712734999893975,58.77,42.25,-3.057265000106028,42.12560972934261,-0.1243902706573862,3,1,60.12,58.3,0.98,36.19,55.56,1.322538364615937,23.469329315598202,0.5129850032357591,0.09287331925199076,0.09287331925199076,14.623827328386568,0.6231037594528648
ovo943.ply,58.13877765074764,57.82,44.28,0.3187776507476414,45.20462295593831,0.924622955938311,2,4,62.4,60.3,0.0,39.52,59.63,1.286124600738656,26.2814152282118,0.5802589747277012,0.10508662508107494,0.10508662508107494,15.237854623331174,0.579795817349063
ovo951.ply,63.01450914347004,61.8,44.5,1.214509143470046,42.76473782904342,-1.735262170956581,1,4,65.55,63.4,0.0,38.78,64.32,1.4735156192323038,26.94798962946356,0.5200325415276777,0.09016412001083844,0.09016412001083844,15.460926438878348,0.5737320910192929
ovo400.ply,64.84571153365486,63.02,43.4,1.8257115336548608,44.611500361574194,1.2115003615741955,2,1,64.69,65.8,1.07,38.53,62.62,1.4535649105742534,28.928644835301796,0.4779268908062873,0.08143504526838947,0.08143504526838947,16.13273465293917,0.5576733630208733
ovo62.ply,56.11394598310484,57.5,44.71,-1.3860540168951587,43.95515578039385,-0.7548442196061487,2,0,62.79,63.8,2.56,38.19,60.37,1.2766180664552305,24.66497237139979,0.6339153711476765,0.09775596246172258,0.09775596246172258,14.523505294912653,0.5888312006281973
ovo457.ply,60.57494648530566,59.58,45.57,0.9949464853056612,44.96183303177396,-0.6081669682260369,3,2,65.58,64.7,2.66,39.77,64.79,1.3472526007224417,27.235606297809564,0.5297811603413379,0.08188174693630697,0.08188174693630697,15.31164951283794,0.5621923501688078
ovo431.ply,61.8067717616115,60.08,45.67,1.726771761611502,43.53103308475272,-2.138966915247288,1,2,66.09,67.7,-1.14,39.51,65.6,1.4198324133791367,26.905126264164707,0.5143181843356054,0.08027845334293844,0.08027845334293844,15.20262853598435,0.5650457978423589
ovo912.ply,59.148065160174966,59.83,45.03,-0.6819348398250327,45.49628031071608,0.4662803107160727,1,4,64.96,64.0,-1.1,41.66,63.65,1.3000637580967993,26.910169523638203,0.5792419257077597,0.10246811403896952,0.10246811403896952,15.468649561324218,0.5748254223272871
ovo720.ply,59.1515829383542,58.34,43.96,0.8115829383541993,43.2451536913872,-0.7148463086128061,3,3,62.31,60.2,0.0,36.93,59.37,1.3678199263778998,25.580192952579647,0.6286326487412596,0.08826484773599902,0.08826484773599902,14.468642540008409,0.5656189758548835
ovo590.ply,55.40720824320425,57.1,44.03,-1.6927917567957491,45.07254770636919,1.0425477063691844,1,2,61.51,60.2,0.73,37.07,58.28,1.2292894691500802,24.97344036818556,0.6710172860449366,0.10962007934312057,0.10962007934312057,14.95678793209669,0.5989077880975745
ovo203.ply,57.68315428349059,56.64,42.53,1.043154283490587,43.145078606696245,0.6150786066962439,3,1,59.03,58.1,0.0,39.73,54.21,1.3369579137709113,24.887442258433886,0.5413552560653139,0.09628921157460572,0.09628921157460572,14.611632221266513,0.587108633725304
ovo470.ply,52.63721240527392,57.19,42.82,-4.552787594726077,43.17015660747581,0.3501566074758102,1,2,59.84,57.0,0.98,39.16,55.43,1.2192963042473348,22.72356702916644,0.6458757467803034,0.10432764430623512,0.10432764430623512,14.43230263182535,0.6351248733660969
ovo581.ply,57.63350437570431,58.86,43.96,-1.226495624295694,42.24340993322352,-1.716590066776483,1,2,62.69,61.7,1.55,35.87,59.9,1.3643194161363574,24.346357512311087,0.5319160560178116,0.0897277371711637,0.0897277371711637,14.607364370255574,0.5999815111097891
ovo717.ply,59.53729746695891,59.19,43.3,0.3472974669589135,42.17300314679407,-1.126996853205931,3,3,61.95,58.1,0.5,37.25,58.57,1.4117395732934623,25.108666334256732,0.5499021128039663,0.077965592664981,0.077965592664981,14.776598724831508,0.5885059177623949
ovo525.ply,57.579450912279135,57.46,44.17,0.1194509122791345,43.10571300472543,-1.0642869952745713,2,2,61.98,60.8,1.24,37.04,58.99,1.3357730773637135,24.820032859943804,0.5814189599398154,0.0990609519768848,0.0990609519768848,14.919783765743174,0.6011186145454989
ovo311.ply,60.407521671848,59.26,44.38,1.147521671847997,45.32377955751458,0.9437795575145742,3,1,63.59,63.2,-0.51,37.11,61.37,1.3327997413629769,27.378971958706234,0.523699358453368,0.0959276340259614,0.0959276340259614,15.510751360794545,0.5665205904804721
ovo113.ply,59.50699834299389,59.42,42.57,0.0869983429938869,43.23908031753971,0.6690803175397093,2,0,61.03,61.3,-0.84,36.67,56.97,1.3762318232947055,25.730278808084154,0.5063454813205421,0.09201082110017181,0.09201082110017181,15.332518681046897,0.5958939969290032
ovo453.ply,55.084635808239526,55.43,42.81,-0.3453641917604741,42.96674600103373,0.1567460010337242,2,2,58.55,53.9,-1.18,37.76,53.7,1.2820294980428413,23.66807555332075,0.600146698106675,0.10888449668565396,0.10888449668565396,14.654842681998872,0.6191818447166789
ovo990.ply,60.10655692292958,59.21,45.94,0.8965569229295767,46.33752846956533,0.39752846956533,1,4,65.85,63.0,-1.64,40.14,65.36,1.2971463715939835,27.851892926237984,0.6038575629540504,0.10206759842048962,0.10206759842048962,15.744111660789951,0.5652797711985368
ovo767.ply,64.22350133083145,63.72,47.77,0.5035013308314547,44.099301780473255,-3.670698219526749,2,3,71.91,76.4,1.35,40.92,75.57,1.4563382806044562,28.322115665869617,0.4844271778497993,0.07566853769570961,0.07566853769570961,15.744526544280985,0.5559092664554852
ovo908.ply,58.03619133178777,57.75,45.68,0.2861913317877693,45.3894840388921,-0.2905159611079,3,4,64.38,64.1,-1.21,40.27,63.08,1.2786263726210085,26.34232780132269,0.5832440074771809,0.09854547521545465,0.09854547521545465,14.982249529050994,0.568751920561049
ovo394.ply,58.6385880387833,58.6,42.88,0.0385880387832955,42.80141005926144,-0.0785899407385599,2,1,60.92,59.7,1.49,37.08,56.95,1.3700153326162434,25.09814251944067,0.5156991198913742,0.0919138239184731,0.0919138239184731,15.16878854837219,0.6043789310951062
ovo439.ply,61.32018453799272,61.35,44.47,-0.029815462007285,44.949038634795706,0.4790386347957067,3,2,65.19,66.8,0.0,39.42,63.77,1.3642157073972183,27.56283343891037,0.5097790715954444,0.08318801409363027,0.08318801409363027,15.786530300182033,0.5727470049540058
ovo898.ply,61.23188248970892,60.04,43.38,1.1918824897089166,44.299358800507925,0.919358800507922,2,4,62.66,60.0,1.45,37.8,59.61,1.382229543444472,27.12533132442154,0.5254293276974698,0.09435618066982357,0.09435618066982357,15.52801792943056,0.5724544981115249
ovo522.ply,59.77785112369224,59.18,46.4,0.5978511236922444,46.22324729465278,-0.1767527053472193,2,2,66.51,68.7,5.15,39.78,66.53,1.293242137287215,27.63126395233364,0.5893461549918918,0.08389632117473528,0.08389632117473528,15.535564836656754,0.56224589882884
ovo621.ply,54.5524340378138,55.28,43.96,-0.7275659621861976,44.77236743371951,0.8123674337195084,3,3,60.06,54.9,0.8,37.87,56.25,1.2184397914310114,24.424416211447465,0.5770760829939692,0.09152969435446871,0.09152969435446871,14.801014597574044,0.6059925637296079
ovo446.ply,53.6087739155394,57.76,45.5,-4.151226084460596,45.06148018284224,-0.4385198171577613,1,2,64.12,63.4,0.0,39.34,62.63,1.1896807139493757,24.156907034215486,0.6975538565491503,0.0856643658817851,0.0856643658817851,14.497331655604812,0.6001319471516368
ovo538.ply,57.92043565896152,58.34,45.74,-0.4195643410384804,45.03610214496933,-0.703897855030668,3,2,64.91,66.1,0.93,39.7,63.88,1.286089001941555,26.08510656618115,0.5782801984081621,0.09946796087132324,0.09946796087132324,15.05778739528181,0.5772561195821967
ovo140.ply,63.30136933782574,62.61,41.28,0.6913693378257406,41.08964081382445,-0.1903591861755487,2,0,61.19,59.7,1.42,34.83,56.69,1.54056760010733,26.010305291145006,0.4054778332212692,0.06970296355981946,0.06970296355981946,15.668993111268342,0.6024148096640266
ovo352.ply,59.25061937555416,59.21,44.19,0.0406193755541579,44.01430360869719,-0.1756963913028073,2,1,63.27,64.2,1.24,39.51,60.84,1.3461673710054176,26.07874750198997,0.5170605975891689,0.07481446500394358,0.07481446500394358,15.111666424010856,0.5794628911092353
ovo610.ply,57.07606420882415,58.89,45.32,-1.813935791175851,45.2565400117996,-0.0634599882003996,1,3,64.7,66.1,0.0,39.49,63.4,1.2611672079647025,25.830651835826934,0.6577324697579414,0.1089971208321422,0.1089971208321422,15.244569981799405,0.5901736463597598
ovo325.ply,57.891015788507104,57.43,45.34,0.4610157885071047,45.47442539447778,0.1344253944777733,2,1,63.64,64.5,1.07,39.92,61.87,1.273045569819056,26.325606784850017,0.5960906099884544,0.09677562007043455,0.09677562007043455,15.527116016098622,0.589810375236412
ovo751.ply,62.31722030086651,60.22,44.27,2.0972203008665105,43.95622616707838,-0.3137738329216262,1,3,64.11,63.2,0.75,38.89,62.08,1.417710885006317,27.392298296485365,0.5370393247632443,0.08033385447883222,0.08033385447883222,15.110604819981024,0.5516369841051209
ovo217.ply,53.568097988467095,55.03,41.83,-1.4619020115329064,40.61330075053806,-1.2166992494619393,2,1,56.89,53.4,0.58,36.42,51.07,1.3189791767357744,21.755772742399067,0.5335394943373712,0.09156152211785182,0.09156152211785182,14.159337678003464,0.6508312917981913
ovo553.ply,61.78911481382065,60.48,46.63,1.3091148138206563,46.66327330772376,0.0332733077237605,3,2,67.82,70.8,0.0,42.06,68.61,1.324148745553031,28.832823519996364,0.5630633889007168,0.09202574705016779,0.09202574705016779,15.548348887992255,0.5392586292219714
ovo438.ply,60.35905845417049,60.31,47.15,0.0490584541704848,47.655366520797685,0.5053665207976863,2,2,68.47,72.6,0.0,41.09,69.83,1.2665742152634305,28.76433053483747,0.6038264565132705,0.10514419417195278,0.10514419417195278,15.950732251586718,0.5545316701276339
ovo565.ply,57.41015929588156,56.46,43.98,0.950159295881555,43.2199489163619,-0.7600510836380963,3,2,60.97,59.4,0.49,37.24,57.5,1.3283254778246079,24.812641520482003,0.5762144144343258,0.08836228729399262,0.08836228729399262,14.261819772308776,0.5747803900901128
ovo305.ply,55.76948684332354,57.53,45.83,-1.7605131566764598,43.21537292529248,-2.6146270747075206,3,1,64.43,67.3,-0.74,40.85,63.22,1.290501112641876,24.10099171786419,0.536882999474627,0.11275671419577625,0.11275671419577625,14.447191733941997,0.59944386949162
ovo451.ply,61.8613319322294,61.68,44.8,0.1813319322293978,45.34497977351525,0.5449797735152515,3,2,65.92,66.9,0.83,38.53,65.0,1.364237722482366,28.05100845229655,0.5194859095124721,0.08326659384076913,0.08326659384076913,15.387471903281332,0.5485532518179949
ovo337.ply,56.42374452321784,56.28,46.65,0.1437445232178404,45.2792617863101,-1.3707382136898971,2,1,64.64,66.4,-1.11,39.88,63.9,1.2461277480516966,25.548254992306614,0.6359263595860066,0.09771869574504898,0.09771869574504898,14.828805867296033,0.5804234329022258
ovo80.ply,59.57624515353973,58.3,42.91,1.2762451535397332,43.4739134700492,0.5639134700492008,2,0,60.76,59.4,-0.71,37.79,56.73,1.370390664152746,25.90012526675424,0.5356727650311085,0.0941817905345663,0.0941817905345663,15.109916371992583,0.5833916329118254
ovo30.ply,58.88579943060397,59.66,45.25,-0.7742005693960223,45.76846448296719,0.5184644829671896,3,0,65.16,68.4,-1.9,39.21,64.04,1.2866020325527507,26.951126197907275,0.5877553364451358,0.07566085013957194,0.07566085013957194,15.411143443500178,0.5718181618954697
ovo404.ply,52.76523542300362,54.89,42.8,-2.124764576996384,43.23211767200873,0.4321176720087294,1,2,58.14,55.2,-1.03,36.56,53.16,1.2205100805683466,22.811528667985353,0.660900659711447,0.09412108971043223,0.09412108971043223,14.19999560452375,0.6224920657970902
ovo974.ply,58.31558093535026,59.02,45.61,-0.7044190646497412,45.57453610072856,-0.0354638992714413,3,4,65.23,66.4,1.06,39.03,64.29,1.2795649923119683,26.577055485730785,0.6090305373397099,0.10158984631996038,0.10158984631996038,15.334710943124596,0.5769905906753967
ovo827.ply,55.96507153782619,55.17,43.61,0.795071537826189,43.88503005406359,0.2750300540635919,3,4,59.48,57.0,0.0,39.13,55.32,1.275265653660958,24.560288464153214,0.5929527714094424,0.09031373757036104,0.09031373757036104,14.676959446156177,0.5975890498019933
ovo639.ply,57.58671283606641,57.55,45.26,0.0367128360664139,45.00890973704614,-0.2510902629538591,3,3,63.62,63.3,0.69,41.25,61.8,1.2794514057883895,25.919151600917093,0.5923818039742085,0.09902172237040192,0.09902172237040192,15.392623006166021,0.5938706344702033
ovo169.ply,54.65631692753205,55.43,43.57,-0.7736830724679464,42.641114276704975,-0.928885723295025,1,0,59.62,58.9,-0.93,36.88,55.48,1.2817750627448081,23.306062560506987,0.6715907021618223,0.11094209436716167,0.11094209436716167,14.284310411666048,0.6129010584512614
ovo829.ply,58.426260593980864,57.67,45.25,0.756260593980862,44.882616775713366,-0.3673832242866339,2,4,63.69,63.7,-1.26,41.37,61.9,1.3017570006211439,26.223234638776063,0.5908175562282133,0.10030987028969904,0.10030987028969904,15.271737395843571,0.5823742801454932
ovo701.ply,59.039711568369526,60.42,45.22,-1.3802884316304755,44.796184996047394,-0.4238150039526047,2,3,65.66,66.7,2.3,39.07,64.78,1.3179629375487871,26.447538415299608,0.6362239750007538,0.09018630559042097,0.09018630559042097,14.986372811442045,0.5666452800300157
ovo505.ply,58.88558779147888,58.2,45.25,0.6855877914788806,45.29148389921984,0.0414838992198411,3,2,64.09,65.0,0.55,38.95,62.47,1.3001470193051723,26.670156513538622,0.5840580419902195,0.07873420754680385,0.07873420754680385,14.801584693251483,0.554986795286999
ovo67.ply,58.02896338549891,57.68,44.55,0.3489633854989122,45.08701145054456,0.5370114505445613,1,0,62.69,64.1,-1.54,39.85,60.16,1.2870439072935724,26.163525366252202,0.6378982817663351,0.09440408014490938,0.09440408014490938,14.899920954492613,0.569492098098971
ovo145.ply,56.054544120313565,57.32,43.68,-1.265455879686435,42.68965625173371,-0.9903437482662908,1,0,61.17,60.9,-0.93,38.92,57.64,1.313070871073999,23.92949219843827,0.617856113917807,0.10500886617358607,0.10500886617358607,14.747491285123285,0.6162893538579043
ovo222.ply,58.488234574531376,61.68,43.87,-3.191765425468624,43.41149792328549,-0.4585020767145096,1,1,64.51,61.2,1.1,36.86,62.53,1.3472982360085501,25.39061873768903,0.5347237008544223,0.08466794866121778,0.08466794866121778,15.285977540791404,0.6020324947064556
ovo386.ply,59.91874565094404,60.7,43.1,-0.7812543490559634,43.07003118296479,-0.0299688170352112,3,1,62.69,63.2,-0.6,39.67,59.55,1.3911934587742605,25.807022436302955,0.4909170944277293,0.0766701142908906,0.0766701142908906,15.425451900772117,0.5977230398758829
ovo302.ply,58.44201064194862,55.3,43.47,3.142010641948623,43.31263059168601,-0.1573694083139898,3,1,59.38,57.2,-0.75,37.7,55.12,1.349306422712795,25.31277217970103,0.5337367357787662,0.08136113985784953,0.08136113985784953,15.200148304172059,0.6004932291201771
ovo816.ply,56.3414783819913,55.85,44.02,0.4914783819912998,43.21022076706634,-0.8097792329336642,1,4,60.57,58.5,-1.65,39.43,56.98,1.3038923981830997,24.345277192287398,0.6333638609367827,0.09175253069909035,0.09175253069909035,14.442415989638329,0.5932327603241954
ovo773.ply,54.15349746174626,56.13,44.21,-1.97650253825374,43.40968155963281,-0.8003184403671924,2,3,61.05,60.0,0.63,37.72,57.72,1.2474981505532226,23.507860801547892,0.6750358031260518,0.08196898745942162,0.08196898745942162,14.056712918393158,0.5979579782719994
ovo388.ply,57.856816749349136,58.96,47.68,-1.103183250650865,48.26345710465578,0.5834571046557784,2,1,68.23,72.7,-0.1,41.35,69.68,1.198770668746146,27.92369993394142,0.6819175460619061,0.1234936323779208,0.1234936323779208,15.855552065101186,0.5678170193280393
ovo781.ply,60.57467010686384,58.8,45.11,1.7746701068638444,45.59021100558995,0.4802110055899504,1,3,64.33,63.4,0.73,39.14,62.76,1.3286771166607807,27.616119917659244,0.6414630391659932,0.08754847171304016,0.08754847171304016,14.739951447258237,0.5337444757339974
ovo655.ply,53.05624975810579,56.98,43.13,-3.923750241894204,43.27174751004106,0.141747510041057,1,3,60.13,60.2,0.0,35.09,55.97,1.2261175665668291,22.95836643362431,0.6360023238395153,0.11072863718297653,0.11072863718297653,14.711324784094518,0.6407827328057906
ovo895.ply,60.21281038576594,61.31,47.08,-1.0971896142340611,47.04366842433393,-0.0363315756660682,2,4,69.11,70.7,0.91,42.05,70.8,1.2799344184353638,28.326314866852634,0.6092378013052961,0.09247211120167206,0.09247211120167206,15.959214100149774,0.5634059416188019
ovo520.ply,60.04458503630959,59.06,43.17,0.9845850363095892,42.07919648651341,-1.0908035134865912,3,2,61.67,59.7,-0.64,37.5,58.11,1.4269422909620952,25.26627891694034,0.49540832642665883,0.08843726225413784,0.08843726225413784,14.76425036458069,0.5843460532164737
ovo51.ply,61.274941151529205,60.42,45.99,0.8549411515292036,46.30389234030026,0.3138923403002565,3,0,66.82,68.4,0.99,39.19,66.83,1.3233216054754646,28.372682782386423,0.5670650540895483,0.08764248237694486,0.08764248237694486,15.87081086909501,0.5593694114448531
ovo722.ply,58.2643536537638,59.71,44.27,-1.4456463462362024,40.54691106518199,-3.723088934818016,2,3,63.75,59.1,-0.83,38.2,61.56,1.4369615865460081,23.62439565869472,0.5275723629346704,0.06816494414961369,0.06816494414961369,14.35179393878831,0.6074988815007539
ovo340.ply,56.95545292886749,56.27,45.91,0.685452928867484,45.916536085542695,0.0065360855426988,2,1,63.57,66.0,-0.42,40.19,62.04,1.240412665771635,26.151971096767724,0.629526820674503,0.1034545036199506,0.1034545036199506,15.45435507481891,0.5909441784573173
ovo542.ply,52.9266525597752,53.91,41.47,-0.9833474402247973,42.28695167226679,0.8169516722667893,1,2,55.58,50.4,0.0,33.99,49.24,1.2516071853551527,22.381067989700693,0.6301803003259763,0.11112418442070462,0.11112418442070462,13.990638847898337,0.6251104216446034
ovo339.ply,55.29652957372723,58.43,45.97,-3.1334704262727726,44.73781292433843,-1.232187075661571,1,1,65.31,66.9,-0.6,39.67,64.57,1.2360132505191064,24.73845795434556,0.6706742134232981,0.09976724247253604,0.09976724247253604,14.883948219490925,0.6016522229056889
ovo906.ply,59.51454218431294,60.49,44.75,-0.975457815687065,43.15169177525892,-1.598308224741082,1,4,65.01,65.9,0.0,39.8,63.61,1.3791937172307038,25.681531804831167,0.5446094277057215,0.09768897918446999,0.09768897918446999,15.06187555876976,0.5864866501435224
ovo534.ply,60.44388896255379,59.73,45.42,0.7138889625537956,45.690129519615645,0.2701295196156437,2,2,65.47,66.7,0.78,40.72,64.56,1.3229091184038793,27.61689115368349,0.6029598304991021,0.08280747934312613,0.08280747934312613,15.304392498691726,0.5541678248114634
ovo334.ply,58.01336822336089,58.41,45.39,-0.3966317766391043,46.03925459234888,0.6492545923488748,2,1,64.45,66.2,0.0,39.58,63.06,1.26008487185633,26.708922293949946,0.5867863491853342,0.10317226763037343,0.10317226763037343,15.235213154749507,0.5704166191011218
ovo995.ply,56.8195951571251,56.13,43.32,0.6895951571250976,43.955689186789165,0.6356891867891648,3,4,59.79,56.5,-1.3,36.91,55.59,1.292656222853677,24.975444644457816,0.5731339815814092,0.09166891643239394,0.09166891643239394,14.805034339072625,0.592783614059017
ovo793.ply,58.44120141490504,57.93,45.78,0.5112014149050381,45.09214382684276,-0.6878561731572432,1,3,64.66,64.4,2.88,40.98,63.53,1.2960395415956196,26.352390596143845,0.663865056167363,0.09044272774299962,0.09044272774299962,15.080213068275402,0.5722521838486295
ovo573.ply,58.25449375776527,60.23,45.02,-1.9755062422347287,45.47692477269329,0.4569247726932843,2,2,65.23,65.0,0.3,39.17,64.05,1.2809681843910496,26.49235230293222,0.5946801352882392,0.10949800669012358,0.10949800669012358,15.385186164788408,0.5807406601295103
ovo34.ply,56.487251392822266,58.83,43.08,-2.3427486071777324,42.31049495241866,-0.7695050475813403,1,0,61.38,60.1,0.0,37.47,57.67,1.3350647742680968,23.900035649320102,0.5916825632219554,0.10509937509922729,0.10509937509922729,14.908806918959755,0.6237985222161739
ovo32.ply,54.85079369656063,56.04,44.18,-1.18920630343937,42.2848739696431,-1.8951260303568984,2,0,60.94,59.6,0.0,38.73,57.55,1.2971729260902793,23.193588985939606,0.5699290760548447,0.0929149937682199,0.0929149937682199,14.66445407696353,0.6322632554130971
ovo748.ply,59.06888232935113,58.77,42.42,0.2988823293511302,41.67269061416352,-0.7473093858364805,1,3,60.37,57.5,0.0,37.48,55.98,1.417448248692516,24.615592582354804,0.539696630868759,0.061061577919801005,0.061061577919801005,14.312479225069612,0.5814395561344003
ovo196.ply,59.76109831263787,61.7,45.37,-1.938901687362133,45.20073853947813,-0.1692614605218736,1,0,66.8,69.3,1.15,39.66,66.56,1.322126590043275,27.012457796615923,0.5635675988868469,0.10048360049532815,0.10048360049532815,15.207634074250873,0.5629859448093635
ovo776.ply,54.360532854278105,58.81,44.35,-4.449467145721897,44.6265232525149,0.2765232525148988,2,3,63.22,62.2,0.0,39.64,60.83,1.2181216212314872,24.259215834405424,0.7112465342482659,0.08496892667308707,0.08496892667308707,14.192190887557024,0.5850226563147631
ovo500.ply,54.2805806462225,58.88,44.43,-4.599419353777499,44.75265728172979,0.3226572817297892,1,2,63.39,62.9,1.58,36.56,61.11,1.2129018463532102,24.292002227136905,0.6885565316277704,0.10582072282158783,0.10582072282158783,14.832803004485159,0.6106043818782153
ovo809.ply,58.57608486114032,57.5,45.48,1.0760848611403162,46.02725610728504,0.5472561072850439,3,4,63.9,61.9,0.0,39.38,62.3,1.2726390798661815,26.96096459665768,0.5893674927091068,0.11984701236180949,0.11984701236180949,15.118579222466721,0.5607580978145328
ovo979.ply,59.93686154874329,59.03,47.51,0.9068615487432864,48.33347108132743,0.8234710813274333,2,4,68.03,70.5,-2.04,42.55,69.31,1.2400694634137,28.969565643717097,0.6499771318121002,0.11220141863707295,0.11220141863707295,15.723044606548836,0.5427435398900723
ovo597.ply,63.88821955093099,63.9,45.62,-0.0117804490690076,45.87339126786908,0.2533912678690839,2,2,68.7,66.4,2.92,38.38,69.63,1.392707575898797,29.307692928673806,0.49668379716990496,0.09095917824237461,0.09095917824237461,16.305357920613066,0.5563507834033696
ovo298.ply,56.01175225858018,62.07,43.34,-6.05824774141982,43.95266182783316,0.6126618278331577,2,1,63.97,62.4,2.23,36.97,61.52,1.2743654179121995,24.61865605405745,0.589419661947588,0.10194626813347728,0.10194626813347728,15.09997200006736,0.6133548462966849
ovo112.ply,57.10449699407321,58.43,44.26,-1.325503005926791,44.88653432527405,0.6265343252740507,1,0,62.82,62.9,1.54,37.73,60.21,1.2721966142509615,25.632229644519757,0.6355185759305764,0.10031001163218436,0.10031001163218436,15.077309923036013,0.5882168711866073
ovo292.ply,60.836759376496325,61.22,44.68,-0.3832406235036742,43.75723913145021,-0.922760868549787,2,1,65.42,66.2,-0.4,39.35,64.2,1.3903244488012116,26.620486280198456,0.49014873319513214,0.08686542644098409,0.08686542644098409,15.715525662111455,0.5903545674070344
ovo79.ply,57.13569258638554,58.76,47.39,-1.62430741361446,46.41585311976091,-0.9741468802390898,1,0,67.65,71.3,0.0,41.68,68.67,1.2309521154112064,26.520019149854832,0.6891541314532561,0.10579757322809692,0.10579757322809692,15.16785876818028,0.5719399628813354
ovo264.ply,58.1919181695493,60.13,43.73,-1.9380818304506988,43.15074576339851,-0.5792542366014857,1,1,63.24,63.7,0.55,37.15,60.6,1.348572710391232,25.11024666418712,0.5489250865791641,0.08881806619806965,0.08881806619806965,15.118608767918154,0.6020892176053652
ovo778.ply,60.35143341795257,57.36,42.62,2.991433417952571,41.86398597361553,-0.7560140263844701,1,3,59.67,55.9,0.0,37.96,55.12,1.441607434513967,25.265515620967577,0.5482790894503798,0.07827346551136964,0.07827346551136964,14.509891466151515,0.574296273380224
ovo85.ply,59.20914159080766,59.7,44.88,-0.4908584091923416,44.44342650959094,-0.4365734904090601,1,0,64.64,66.7,-1.3,38.51,63.12,1.3322361987105171,26.31457132987025,0.6074798339485553,0.0916116875075284,0.0916116875075284,15.352795145042586,0.5834332223233023
ovo757.ply,61.51810078151094,61.65,44.16,-0.1318992184890604,41.76073640236654,-2.399263597633457,1,3,64.93,64.0,2.29,39.07,63.26,1.473108620230767,25.690411907108974,0.49745186460530877,0.06141186701363423,0.06141186701363423,14.80787449008553,0.5763969275240751
ovo371.ply,56.27926571929997,55.99,44.58,0.2892657192999621,44.434156897935885,-0.1458431020641128,3,1,61.47,60.5,-0.9,39.86,58.47,1.2665766529242806,25.007217230719995,0.587008405889524,0.09588957507069126,0.09588957507069126,14.861781969856091,0.594299710869037
ovo934.ply,60.99506356811739,61.65,46.28,-0.6549364318826107,45.7440220495069,-0.5359779504930984,2,4,68.14,70.6,-1.28,41.65,68.98,1.3333996626292481,27.90159532771037,0.5523489111558885,0.08968679794699692,0.08968679794699692,16.140026477035157,0.5784624960496703
ovo387.ply,61.13804410436383,59.92,46.79,1.2180441043638268,47.0039572327753,0.2139572327753001,1,1,67.64,70.6,-1.16,41.56,68.41,1.3006999347223684,28.737300103770476,0.58149033916809,0.0963833368129017,0.0963833368129017,16.11580419532716,0.5607974352890823
ovo686.ply,55.49551151941739,57.82,44.73,-2.324488480582609,45.49412082393735,0.764120823937354,2,3,63.05,62.7,0.0,37.53,60.76,1.2198391905227823,25.24719506250582,0.6183379006105563,0.11307170325187857,0.11307170325187857,15.305190907227292,0.6062135167623738
ovo445.ply,61.20064475209829,60.9,43.08,0.3006447520982931,43.55932764747888,0.4793276474788754,3,2,62.8,62.5,-1.77,39.14,59.69,1.4049951653842951,26.658589369936085,0.4998431628830818,0.07712069217452489,0.07712069217452489,15.03521423216651,0.5639913659168441
ovo3.ply,59.89376017839764,59.53,45.73,0.3637601783976407,43.80495231709633,-1.9250476829036671,3,0,65.78,67.8,0.68,38.36,65.16,1.3672828529714465,26.236433087063116,0.5305116195716291,0.08544741992400885,0.08544741992400885,15.257550220065758,0.5815405687745366
ovo104.ply,57.09538393662795,57.19,43.56,-0.0946160633720509,43.153031955819785,-0.4069680441802177,2,0,60.9,61.2,0.68,37.3,57.22,1.323090901123295,24.638389275471056,0.5661554124186097,0.09893718021251156,0.09893718021251156,15.027457924099757,0.6099204682613105
ovo376.ply,58.26095957185581,58.08,43.86,0.1809595718558085,44.36926745549822,0.5092674554982182,2,1,61.98,61.5,-0.74,38.16,58.85,1.3130926633010287,25.849960974576394,0.5410818503371975,0.10540179054657796,0.10540179054657796,15.414827874674442,0.5963191932798284
ovo841.ply,62.23986560958479,60.42,45.48,1.819865609584788,46.6049225132916,1.124922513291601,2,4,66.05,66.3,-0.7,37.94,65.47,1.3354783626522315,29.006841139723814,0.5571615265609973,0.0954707802899531,0.0954707802899531,15.914182374940491,0.5486354856181357
ovo690.ply,65.27251928532382,63.49,46.05,1.782519285323822,46.1686487413154,0.118648741315404,3,3,69.08,71.2,-2.12,40.4,70.39,1.4137844850311323,30.135440153448513,0.4997935900793445,0.07809625074013059,0.07809625074013059,16.153928230365537,0.5360442106738893
ovo212.ply,57.258606031134015,57.59,45.19,-0.3313939688659886,44.85907306057545,-0.3309269394245504,3,1,63.55,63.8,1.59,39.36,61.67,1.276410815573805,25.68567991297347,0.5618848897138382,0.0933947843931084,0.0933947843931084,15.104577142702071,0.5880544020589841
ovo904.ply,60.924745561259726,60.04,45.22,0.8847455612597273,45.077803325047405,-0.1421966749525935,2,4,65.39,65.9,0.64,41.03,64.37,1.3515464611694377,27.46353698039021,0.5603503671222914,0.09996834086333461,0.09996834086333461,15.513920245868176,0.5648915599234571
ovo6.ply,61.33612078373941,61.24,46.3,0.0961207837394084,47.79009076617026,1.4900907661702618,3,0,67.88,72.9,1.9,41.08,68.58,1.2834485099400175,29.312587794996883,0.5620615368710881,0.09061489807235844,0.09061489807235844,16.10761650460903,0.5495119235893019
ovo56.ply,64.33033793413968,62.81,48.63,1.5203379341396754,48.42627591658905,-0.2037240834109539,2,0,72.58,80.1,1.25,39.86,76.97,1.3284180275382789,31.152786946060633,0.5532129857662725,0.09663140707533004,0.09663140707533004,16.72293055115233,0.5368036760276755
ovo312.ply,56.03379902663704,58.64,43.59,-2.6062009733629665,43.80509323956555,0.2150932395655473,1,1,61.99,61.2,-0.59,37.14,58.75,1.2791617340064534,24.54565790928913,0.6043025616244915,0.10607493499040772,0.10607493499040772,14.990105498626354,0.610702942003989
ovo874.ply,59.870935038772906,59.37,42.68,0.5009350387729086,44.24089414807609,1.5608941480760876,2,4,61.16,59.4,-0.94,38.67,57.2,1.353293964592633,26.487436995966917,0.5246921151925672,0.07408844919374341,0.07408844919374341,15.025167762468342,0.5672563851593544
ovo741.ply,54.98036647171973,56.17,42.88,-1.1896335282802752,39.84795040697953,-3.0320495930204743,3,3,59.19,57.0,-1.09,37.83,54.58,1.37975393740928,21.90854916522648,0.5630480843787893,0.059246226894365865,0.059246226894365865,13.942395433381702,0.6363906312660469
ovo537.ply,56.10747167524632,56.04,45.82,0.0674716752463169,45.70739552310102,-0.11260447689898,2,2,63.27,62.7,-0.6,39.61,61.56,1.2275359607153506,25.64526399661671,0.6677193697718443,0.10067125056591812,0.10067125056591812,14.853170606741534,0.5791779179462165
ovo100.ply,58.19280034456827,60.04,45.5,-1.84719965543173,44.538757172438224,-0.961242827561776,1,0,65.81,67.8,1.39,38.65,65.11,1.306565428381094,25.918350037309054,0.6170788817568609,0.10665581189990968,0.10665581189990968,15.169827000288025,0.5852929286953568
ovo602.ply,61.646345965064015,61.07,45.01,0.5763459650640144,44.68889382433495,-0.3211061756650508,2,3,65.81,58.6,0.0,39.86,64.91,1.3794556250907923,27.54907009490965,0.487591780387439,0.09462371796685518,0.09462371796685518,15.91498913085076,0.5776960556571177
ovo208.ply,57.416624499917006,57.4,41.71,0.0166244999170075,40.75651109574701,-0.9534889042529926,2,1,58.39,53.8,0.66,36.1,52.99,1.4087718245811405,23.40101293511207,0.48873059010570064,0.08670549589508957,0.08670549589508957,14.717057186118582,0.6289068437732608
ovo270.ply,56.02151178130431,59.81,49.07,-3.78848821869569,43.12879868343367,-5.941201316566335,1,1,70.95,61.5,1.77,37.7,74.51,1.2989351313145407,24.161405035574813,0.5504804218153106,0.09385421663285154,0.09385421663285154,14.942958852563246,0.6184639854578616
ovo668.ply,58.43708403608016,62.2,46.24,-3.762915963919845,46.88578290259018,0.6457829025901773,2,3,68.47,71.1,1.24,40.02,69.48,1.2463710834793766,27.398684355760725,0.5936954835703356,0.11408222264221125,0.11408222264221125,15.64767784710501,0.5711105556721741
ovo961.ply,60.04434123394832,58.75,45.81,1.2943412339483231,46.00632999198314,0.1963299919831342,2,4,65.32,66.5,0.0,40.44,64.51,1.305132168647475,27.624197769602667,0.5873929976494353,0.08773114161052194,0.08773114161052194,15.685025186697876,0.5678002060916856
ovo532.ply,58.43641777284906,58.35,43.71,0.0864177728490602,44.510615329401,0.8006153294009977,3,2,61.96,60.4,-0.85,38.09,58.75,1.312864747889691,26.010409127154563,0.5603232858418316,0.08527999109818227,0.08527999109818227,14.945030074198689,0.5745788157786512
ovo626.ply,57.75489497034759,58.03,43.59,-0.2751050296524084,44.139890525914005,0.5498905259140017,2,3,61.55,59.6,0.0,35.96,58.13,1.3084512508348969,25.492947413268045,0.5580598988133083,0.09903712716364944,0.09903712716364944,15.523341117600992,0.6089268873446043
ovo871.ply,59.76936553588877,58.58,44.06,1.1893655358887756,43.611549493253904,-0.4484505067460986,2,4,62.63,61.0,0.0,39.49,59.86,1.3704939684643458,26.066346432487972,0.5404421073202665,0.08732793797041362,0.08732793797041362,15.402947825263096,0.5909131862862655
ovo26.ply,57.87598578538572,58.34,44.84,-0.4640142146142807,45.58173689422125,0.7417368942212406,2,0,63.6,65.3,0.67,39.23,61.58,1.2697187454636707,26.380879565631414,0.620849970511591,0.11514196044287325,0.11514196044287325,15.327532758738343,0.581009163117776
ovo87.ply,57.3460465322299,57.74,44.63,-0.3939534677701033,45.50841834942796,0.8784183494279603,3,0,62.85,62.5,-1.3,36.75,60.42,1.2601195254009687,26.097278762744807,0.6006214964408714,0.10097931101817673,0.10097931101817673,15.031665850576761,0.5759859480841821
ovo11.ply,58.70130269572547,58.5,43.62,0.2013026957254666,44.38816669987098,0.7681666998709815,2,0,61.93,62.0,-1.23,37.68,58.68,1.3224538668747519,26.05643209557448,0.5432674800783778,0.09850431569503422,0.09850431569503422,15.370410395219395,0.5898892963872042
ovo700.ply,54.575655097598585,59.33,43.75,-4.754344902401414,41.44979382700142,-2.3002061729985783,1,3,62.71,62.2,0.96,39.07,59.84,1.3166689157823181,22.621496517690005,0.6561305228433684,0.08243132139504745,0.08243132139504745,14.016745058379406,0.619620591741944
ovo369.ply,56.0029407164933,58.22,44.97,-2.2170592835067,44.25325463672852,-0.7167453632714782,1,1,63.7,64.4,-1.04,39.19,61.78,1.2655101003579743,24.783123959325895,0.6359902406586688,0.12601095185800637,0.12601095185800637,15.010264926397118,0.6056647640964066
ovo594.ply,61.27938888226305,60.44,45.26,0.8393888822630515,45.774337744978055,0.5143377449780573,2,2,65.74,66.9,1.3,39.85,64.9,1.3387280275613833,28.050234435025622,0.5387761325278466,0.09592881446936671,0.09592881446936671,15.890288126959916,0.5664939508355094
ovo637.ply,57.36849577711782,58.31,44.72,-0.9415042228821804,45.791687792374354,1.0716877923743553,1,3,63.4,63.5,0.0,39.98,61.25,1.2528146164263319,26.270002477439256,0.6234119122088092,0.0987681674129802,0.0987681674129802,15.409693093172889,0.586588947085436
ovo596.ply,55.28121701168788,55.78,44.93,-0.4987829883121222,44.27267211092896,-0.6573278890710412,1,2,61.8,60.3,-0.82,38.98,59.1,1.2486532747148416,24.474471946515656,0.6521729147745862,0.10000601909764598,0.10000601909764598,14.391593432636117,0.5880246758371839
ovo121.ply,60.65842138060504,59.5,43.73,1.1584213806050414,43.383886745662295,-0.3461132543377019,1,0,62.8,63.8,0.87,36.14,59.96,1.3981785849712953,26.31598083346829,0.5148874344955509,0.08590396088599196,0.08590396088599196,15.079722758712647,0.5730252979791833
ovo557.ply,57.16778735329339,58.27,43.51,-1.1022126467066116,44.42719976069462,0.917199760694622,1,2,61.61,59.4,0.0,36.49,58.18,1.286774490880034,25.39804708621677,0.6106956853247355,0.10359744439752304,0.10359744439752304,14.966723979973711,0.5892864096663551
ovo255.ply,53.24470961644091,57.27,43.54,-4.025290383559096,43.94686728708719,0.4068672870871879,1,1,60.93,58.8,0.0,37.06,57.25,1.2115700823135962,23.399381872532235,0.6874218627507738,0.1102127172189323,0.1102127172189323,14.417313293763279,0.6161407755256684
ovo609.ply,54.92450047462575,55.96,42.97,-1.0354995253742558,43.38183097412432,0.4118309741243209,3,3,59.17,56.6,0.0,38.23,54.59,1.2660715152245698,23.827253959284253,0.5839985016734548,0.08018092352446801,0.08018092352446801,14.554024247927922,0.6108141656943632
ovo659.ply,58.840433938716174,58.23,44.85,0.6104339387161772,43.81364086997214,-1.0363591300278614,2,3,63.53,63.8,1.41,38.08,61.49,1.3429706541243576,25.78013641224231,0.5408497086396359,0.09661617185592074,0.09661617185592074,15.526365801002465,0.6022608085824326
ovo200.ply,59.5421684110305,57.42,43.02,2.1221684110305006,44.24533157860691,1.2253315786069052,2,0,60.29,59.3,0.0,37.56,56.14,1.3457277024864647,26.344629842552987,0.5683748495081808,0.11304721670019505,0.11304721670019505,15.251909435969171,0.578938080630521
ovo84.ply,60.089631037075776,59.76,45.9,0.329631037075778,46.79144005250163,0.891440052501629,3,0,66.2,70.0,0.0,40.23,65.86,1.28420136182287,28.116803684482726,0.595313738134924,0.10283964198181395,0.10283964198181395,15.731591118179466,0.5595085164983215
ovo365.ply,62.36465563570426,62.15,45.53,0.2146556357042612,45.93865172455987,0.4086517245598671,3,1,67.36,70.1,0.74,39.92,67.48,1.3575639095729635,28.64948195170728,0.5256866675460018,0.07246906516146943,0.07246906516146943,15.972120617872637,0.5575012017598044
ovo462.ply,57.75728207378158,57.7,43.57,0.0572820737815789,41.9523334059589,-1.617666594041097,2,2,61.29,58.5,0.96,37.26,57.75,1.3767358662719282,24.230527541812986,0.5211984537754764,0.10660970296145449,0.10660970296145449,14.502112532236378,0.5985058520583615
ovo692.ply,54.6161674280956,56.03,44.28,-1.4138325719044005,40.33854914186467,-3.941450858135333,2,3,61.07,59.4,1.45,39.72,57.79,1.353944764746463,22.031369537385427,0.5753274540670442,0.08383074009692172,0.08383074009692172,13.799541190094564,0.6263587548054094
ovo243.ply,54.76188194162276,56.33,42.82,-1.5681180583772374,42.044455766878485,-0.775544233121515,1,1,59.22,57.8,0.0,36.93,54.6,1.3024756996560467,23.024335230055797,0.6155542738219837,0.09455864550275071,0.09455864550275071,14.417431139631159,0.6261822977981466
ovo442.ply,59.746439662482544,59.84,46.65,-0.0935603375174594,47.2113831597536,0.5613831597535963,3,2,67.37,69.8,-2.02,41.59,67.94,1.2655091984980167,28.20712055336563,0.6005213740967829,0.07827663820205605,0.07827663820205605,15.527838788323278,0.5504935804753924
ovo215.ply,55.780639095491225,56.89,43.86,-1.109360904508776,42.55950132757161,-1.3004986724283896,3,1,61.11,60.7,0.72,39.28,57.65,1.3106506738920476,23.739961836373517,0.5633257178852621,0.08997882636145747,0.08997882636145747,14.555456802518387,0.6131204802619791
ovo713.ply,55.45311867931225,56.07,42.87,-0.616881320687753,41.23542693669563,-1.6345730633043658,2,3,59.11,57.0,0.0,38.35,54.46,1.3447931256888288,22.866330237126917,0.6113365822438398,0.08736169826177945,0.08736169826177945,14.15141949500863,0.6188758470754383
ovo348.ply,54.561022442279615,58.44,49.62,-3.878977557720383,45.73775849043369,-3.882241509566306,1,1,70.67,66.8,-1.14,39.62,74.3,1.192909846110875,24.95498867456118,0.6923483017309697,0.1023148110930676,0.1023148110930676,14.796496439562018,0.5929273955009001
ovo436.ply,57.79915985400911,56.58,44.85,1.2191598540091135,44.55107373553948,-0.298926264460519,3,2,62.3,62.6,0.94,39.16,59.75,1.2973685033297258,25.750146325081932,0.6037491062412434,0.0940028767129737,0.0940028767129737,14.8398957478466,0.5763033561246911
ovo231.ply,57.71179612994033,59.92,44.52,-2.20820387005967,43.85770772278124,-0.6622922772187678,1,1,64.27,64.6,0.0,38.6,62.42,1.315887198089078,25.311070868236605,0.5891575834539408,0.11709890385264914,0.11709890385264914,14.710802738041814,0.5812003298723607
ovo942.ply,58.457561395360415,58.57,44.94,-0.1124386046395855,44.725265225535466,-0.2147347744645316,1,4,63.91,64.7,-1.35,41.29,62.08,1.3070366626240737,26.145299378455174,0.5898332555751281,0.09356344423588056,0.09356344423588056,15.471192731849563,0.5917389779288003
ovo329.ply,56.28262631900121,57.22,42.74,-0.9373736809987888,43.02955391689776,0.2895539168977521,3,1,59.75,58.0,0.99,37.15,55.27,1.3079992980568398,24.218163037780712,0.5454191268136461,0.08790234306624979,0.08790234306624979,15.040352017944732,0.6210360378894778
ovo802.ply,56.92341719301121,57.53,44.28,-0.60658280698879,43.24841499608777,-1.0315850039122338,2,4,62.19,58.4,1.94,39.85,59.33,1.3161966097060547,24.618475697587865,0.5757982278906255,0.09375562653187208,0.09375562653187208,14.562231028002678,0.591516355719355
ovo487.ply,60.64711818321556,59.62,44.19,1.0271181832155634,43.68881992456384,-0.5011800754361602,3,2,63.56,64.9,0.0,38.32,61.26,1.3881610509950395,26.496010252502455,0.518178370243268,0.07599606178422938,0.07599606178422938,15.18836412199116,0.5732321197511868
ovo770.ply,56.93050982927641,59.6,43.71,-2.6694901707235914,40.92897797106126,-2.781022028938743,2,3,62.84,60.3,0.92,38.82,60.01,1.3909585005892158,23.301075826837405,0.5482967972330709,0.06618266472987223,0.06618266472987223,14.209598016683156,0.6098258347503858
ovo550.ply,61.32865509462656,58.55,44.43,2.778655094626558,44.080956091456805,-0.3490439085431944,3,2,63.15,62.8,1.67,39.9,60.76,1.3912732511378645,27.03425752374332,0.5442550113448146,0.08226104960051567,0.08226104960051567,15.395977560432577,0.5694988126420999
ovo455.ply,55.62722923903886,56.3,42.34,-0.6727707609611357,42.944233890453525,0.6042338904535214,1,2,58.52,54.7,0.97,35.5,53.44,1.2953363979187147,23.8886874311916,0.5899189902075747,0.09742435926742496,0.09742435926742496,14.5411054710857,0.6087025715820323
ovo820.ply,62.9365785682786,61.8,44.77,1.1365785682786012,44.801352164506696,0.0313521645066927,2,4,65.96,66.6,1.02,39.91,65.05,1.4047919432695004,28.19643820466594,0.5016421864976115,0.07772693748192969,0.07772693748192969,15.690002355527549,0.5564533449806852
ovo357.ply,58.25091047702177,58.25,43.43,0.0009104770217689,43.52200378503264,0.092003785032638,1,1,61.48,60.3,-1.7,39.77,57.96,1.338424369538207,25.351963462625385,0.5901044920165053,0.08611590508050616,0.08611590508050616,15.035991353841998,0.5930898163374407
ovo8.ply,55.50380127445863,54.43,44.16,1.0738012744586314,44.396809678629886,0.2368096786298892,2,0,59.69,59.4,1.92,37.1,55.85,1.2501754445021536,24.641917016226348,0.6405007205889618,0.09738030129602882,0.09738030129602882,14.936500537977542,0.6061419867675909
ovo159.ply,59.549829472725904,59.99,45.14,-0.4401705272740983,44.72439222616413,-0.4156077738358661,3,0,65.24,65.5,0.0,39.04,64.11,1.3314843759439345,26.63329930339382,0.5376113198092671,0.09113647441532775,0.09113647441532775,15.232849077388206,0.5719475046580924
ovo539.ply,60.0679500917129,60.44,44.21,-0.3720499082870958,43.39281337006605,-0.8171866299339499,1,2,64.17,64.1,2.54,39.53,62.15,1.3842833738259057,26.065173478521398,0.5348053855641833,0.08933922122495386,0.08933922122495386,15.43526021840275,0.5921794547472296
ovo675.ply,58.75558551536219,59.24,46.54,-0.48441448463781,46.131359675112975,-0.408640324887024,3,3,66.76,65.6,1.07,37.57,66.97,1.2736582214172143,27.104750483310312,0.5768254768581149,0.10708610268536316,0.10708610268536316,15.144185637449482,0.5587280962713337
ovo468.ply,55.4337693898726,57.22,45.85,-1.7862306101273973,46.6444538473368,0.794453847336797,2,2,64.22,65.0,1.85,38.52,62.93,1.1884321675477745,25.856778978898237,0.6913148165841112,0.13224364148047824,0.13224364148047824,15.203667111414198,0.5879954005029759
ovo485.ply,55.44257830112264,57.07,44.05,-1.627421698877363,44.60209985763408,0.552099857634083,1,2,61.52,59.8,2.23,36.87,58.29,1.2430486115696435,24.728554137513683,0.6545991460145959,0.10741316781669681,0.10741316781669681,14.722044933783899,0.5953459653126374
ovo782.ply,51.17781582922855,56.61,43.34,-5.43218417077145,40.61255018259974,-2.727449817400263,2,3,60.17,57.8,0.0,36.98,56.11,1.2601478015816758,20.78461613600392,0.6808535372780256,0.08354507008332776,0.08354507008332776,13.078596530583447,0.6292440738382555
ovo564.ply,56.58235320186982,56.52,43.44,0.0623532018698185,44.33654035378945,0.8965403537894545,2,2,60.24,57.1,-0.87,37.54,56.26,1.2762013623607806,25.08665786047069,0.5810529061371019,0.09207317304384646,0.09207317304384646,14.705911520683108,0.5862044917452064
ovo324.ply,58.129560908433184,58.83,43.5,-0.7004390915668139,42.88848815050544,-0.6115118494945619,1,1,61.99,60.5,0.55,38.33,58.71,1.3553651204594428,24.930889842154205,0.5433353978246392,0.10331565404302401,0.10331565404302401,15.197594455797079,0.6095889297180376
ovo574.ply,58.4458870166873,57.3,45.01,1.145887016687304,44.869725337554456,-0.1402746624455417,3,2,63.07,62.8,0.0,37.61,60.91,1.3025684150504495,26.22450897548499,0.5945788319254355,0.1085527801815804,0.1085527801815804,15.160097996943186,0.5780889171696233
ovo936.ply,56.3077923239681,56.53,43.97,-0.2222076760318998,43.750435552340925,-0.2195644476590743,1,4,61.01,58.8,0.0,39.58,57.55,1.2870224401904333,24.634904391643637,0.6635891457115488,0.0886492156061894,0.0886492156061894,14.288686261709268,0.5800179304351638
